{"cameraMode":{"drawMode":0,"name":"Shaded","section":"Shading Mode"},"sceneLighting":true,"audioPlay":false,"sceneViewState":{"m_AlwaysRefresh":false,"showFog":true,"showSkybox":true,"showFlares":true,"showImageEffects":true,"showParticleSystems":true,"showVisualEffectGraphs":true,"m_FxEnabled":true},"in2DMode":false,"pivot":{"x":-0.009935379028320313,"y":-0.8112654685974121,"z":0.3910297155380249},"rotation":{"x":0.002137167379260063,"y":0.7017804384231567,"z":-0.0021053485106676819,"w":0.712386965751648},"size":5.99479341506958,"orthographic":false}